iter	MultiClass
0	1.127364367
1	0.9522859803
2	0.8222436438
3	0.7211800402
4	0.6398638918
5	0.5733649279
6	0.5168306549
7	0.4692840077
8	0.4286542603
9	0.3799729232
